Category: All categories,
,
Month,myanmar amber: (Worldwide)
2010-02,0
2010-03,0
2010-04,0
2010-05,0
2010-06,0
2010-07,0
2010-08,0
2010-09,0
2010-10,0
2010-11,0
2010-12,0
2011-01,0
2011-02,0
2011-03,0
2011-04,24
2011-05,0
2011-06,0
2011-07,0
2011-08,0
2011-09,0
2011-10,0
2011-11,0
2011-12,0
2012-01,0
2012-02,0
2012-03,0
2012-04,19
2012-05,0
2012-06,0
2012-07,0
2012-08,18
2012-09,0
2012-10,0
2012-11,0
2012-12,0
2013-01,0
2013-02,0
2013-03,0
2013-04,0
2013-05,0
2013-06,0
2013-07,0
2013-08,0
2013-09,14
2013-10,26
2013-11,0
2013-12,0
2014-01,12
2014-02,14
2014-03,0
2014-04,25
2014-05,0
2014-06,0
2014-07,0
2014-08,0
2014-09,0
2014-10,0
2014-11,0
2014-12,25
2015-01,12
2015-02,0
2015-03,12
2015-04,0
2015-05,12
2015-06,0
2015-07,12
2015-08,12
2015-09,11
2015-10,0
2015-11,11
2015-12,11
2016-01,34
2016-02,0
2016-03,0
2016-04,12
2016-05,23
2016-06,12
2016-07,24
2016-08,12
2016-09,24
2016-10,0
2016-11,12
2016-12,100
2017-01,21
2017-02,23
2017-03,10
2017-04,11
2017-05,11
2017-06,45
2017-07,0
2017-08,21
2017-09,22
2017-10,31
2017-11,10
2017-12,32
2018-01,10
2018-02,33
2018-03,19
2018-04,10
2018-05,10
2018-06,70
2018-07,39
2018-08,10
2018-09,10
2018-10,19
2018-11,10
2018-12,10
2019-01,19
2019-02,52
2019-03,38
2019-04,10
2019-05,10
2019-06,20
2019-07,0
2019-08,10
2019-09,0
2019-10,9
2019-11,0
2019-12,9
2020-01,17
2020-02,9
2020-03,31
2020-04,16
2020-05,23
2020-06,8
2020-07,16
2020-08,8
2020-09,24
2020-10,0
2020-11,17